cpf|nome
56576280775|Bruce L. Gould
14634388009|Zorita C. Martinez
96376197301|Mona L. Greene
99092030076|Zoe E. Bryan
56129577361|Wendy G. Frederick
74700413931|Cadman C. Diaz
94405984920|Merrill D. Guzman
87379446710|Kylie Z. Knowles
39261245490|Devin T. Lawson
15370220841|Kenyon J. Jordan
53199465956|Edan W. Owens
93100098860|Ali Q. Colon
40598262969|Clementine Q. Boyd
43186490368|Rooney P. Bolton
45331948602|Marah D. Richardson
42510372522|Mark I. Kidd
42798990419|Alden E. Leon
58839759400|Isaiah S. Roy
16420867820|Harlan W. Graham
18691030184|Nina S. Ballard
70190510402|Duncan B. Castillo
82806586654|Rashad N. Dominguez
99905897032|James K. Anthony
96010822655|Daphne E. Dominguez
49702878340|Cyrus X. Lowery
31756588727|Camille U. Finley
63791472602|TaShya S. Massey
54964074755|Naomi X. Crosby
21142090443|Channing V. Talley
98347225455|Tanner T. Powers
30206945226|Teegan T. Richmond
43545407402|Bryar L. Carpenter
35911707230|Quinn Z. Reid
79518475868|Colorado O. Lambert
42299669563|Colton F. Barrett
39513990680|Dawn F. Beard
88513212945|Alexa D. Armstrong
13950592770|Igor K. Ortiz
96079083829|Blaze S. Maldonado
93400669469|Lamar H. Merritt
47870072409|Alexis H. Roth
46196184584|Wynter X. Chandler
71878047670|Germaine Q. Craft
20152073941|Uriel U. Carson
62765317386|Nicholas Q. Quinn
20888146615|Sydnee W. Rosario
47488633655|Hyatt J. Davis
19180728543|Prescott C. Mooney
86737094382|Arden E. Barlow
75608327771|Elijah E. Barron
60219382959|Kessie N. Small
29852690579|Chava C. Walton
53062427432|Daryl Z. Franks
36715986302|Ahmed Q. Ruiz
31472156024|Zane J. Snyder
81919126162|Randall Z. Jordan
59637057379|Blythe F. Sherman
73760785107|Dana Q. Vega
78907478597|Lunea Z. Mclean
74145385727|Jared L. Petty
48395451144|Jaden U. Witt
17373476602|Levi W. Patterson
90503949614|Karina C. Blair
34990050720|Jameson T. Craig
69771896014|Omar O. Kinney
26607919398|Felicia F. Hays
98329791439|Wyatt M. Dickerson
45746115708|Macaulay S. Stout
22964036748|Kenyon I. Myers
49679539582|Quinn I. Adkins
37090807564|Cruz M. Duke
93637743416|Jocelyn L. Bishop
75828375262|Carter L. Conner
51241855688|Idona J. Pruitt
29173647445|Colt L. Hickman
48709371802|Daryl P. Cherry
49105502675|Halee H. Quinn
66441678057|Zelda U. Nichols
30709155492|Christian E. Castillo
36077503733|Veronica R. Mcclain
23813867434|Lawrence H. Meadows
32554757787|Hannah M. Warner
13760617368|Sybill T. Ramsey
86407627016|Arden Y. Oconnor
81886532302|Quinn N. Hodge
26507354371|Salvador T. Woodward
88230084434|Stacy B. Conway
41132276833|Wylie S. Stone
86166265423|Basia E. Hobbs
21034498363|Davis K. Velazquez
87152745521|Neil W. Blevins
70349015724|Mufutau Z. Thornton
22750535972|Iola M. Huber
18623556006|Callie K. Chapman
39886058534|Solomon N. Buck
88477279665|Lewis N. Guy
71116663541|Elliott H. Moses
39781192555|Stephen F. Head
79075661723|Maggie S. Wooten
13089911682|Eagan X. Guerrero